-- Full Backup 20260316-084523

SET statement_timeout = 0;
SET lock_timeout = 0;
SET idle_in_transaction_session_timeout = 0;
SET client_encoding = 'UTF8';
SET standard_conforming_strings = on;
SELECT pg_catalog.set_config('search_path', '', false);
SET xmloption = content;
SET client_min_messages = warning;
SET row_security = off;

DROP TABLE IF EXISTS public.booking CASCADE;
CREATE TABLE public.booking (
    id bigint NOT NULL,
    price numeric NOT NULL,
    status character varying NOT NULL,
    check_in date NOT NULL,
    duration character varying NOT NULL,
    guest_id bigint NOT NULL
);

INSERT INTO public.booking (id, price, status, check_in, duration, guest_id) VALUES
(1, '115', 'подтверждено', '2025-10-01', '03:00:00', 1),
(2, '250', 'заселен', '2025-10-02', '02:00:00', 2),
(3, '80', 'подтверждено', '2025-10-03', '04:00:00', 3),
(4, '140', 'отменено', '2025-10-04', '01:00:00', 4),
(5, '150', 'на обработке', '2025-10-05', '03:00:00', 5),
(6, '160', 'заселен', '2025-10-06', '02:00:00', 6),
(7, '100', 'подтверждено', '2025-10-07', '04:00:00', 7),
(8, '100', 'отменено', '2025-10-08', '01:00:00', 8),
(9, '190', 'подтверждено', '2025-10-09', '03:00:00', 9),
(10, '110', 'заселен', '2025-10-10', '02:00:00', 10),
(11, '111', 'подтверждено', '2025-10-11', '03:00:00', 11),
(12, '120', 'отменено', '2025-10-12', '01:00:00', 12),
(13, '130', 'подтверждено', '2025-10-13', '04:00:00', 13),
(14, '140', 'заселен', '2025-10-14', '02:00:00', 14),
(15, '150', 'подтверждено', '2025-10-15', '03:00:00', 15),
(16, '160', 'отменено', '2025-10-16', '01:00:00', 16),
(17, '100', 'подтверждено', '2025-10-17', '04:00:00', 17),
(18, '180', 'заселен', '2025-10-18', '02:00:00', 18),
(19, '101', 'подтверждено', '2025-10-19', '03:00:00', 19),
(20, '130', 'отменено', '2025-10-20', '01:00:00', 20),
(21, '110', 'подтверждено', '2025-10-21', '03:00:00', 21),
(22, '120', 'заселен', '2025-10-22', '02:00:00', 22),
(23, '130', 'подтверждено', '2025-10-23', '04:00:00', 23),
(24, '102', 'отменено', '2025-10-24', '01:00:00', 24),
(25, '205', 'подтверждено', '2025-10-25', '03:00:00', 25),
(26, '111', 'заселен', '2025-10-26', '02:00:00', 26),
(27, '170', 'подтверждено', '2025-10-27', '04:00:00', 27),
(28, '180', 'отменено', '2025-10-28', '01:00:00', 28),
(29, '120', 'подтверждено', '2025-10-29', '03:00:00', 29),
(30, '100', 'заселен', '2025-10-30', '02:00:00', 30),
(31, '150', 'подтверждено', '2025-11-12', '02:30:00', 3),
(32, '200', 'заселен', '2025-12-05', '01:45:00', 4),
(33, '80', 'отменено', '2025-09-20', '05:00:00', 5),
(34, '175', 'подтверждено', '2025-08-15', '04:15:00', 5),
(35, '1', 'w', '2014-11-11', '01:00:00', 1),
(36, '220', 'заселен', '2025-10-30', '06:00:00', 1);

DROP TABLE IF EXISTS public.booking_payment CASCADE;
CREATE TABLE public.booking_payment (
    id bigint NOT NULL,
    booking_id bigint NOT NULL,
    payment_id bigint NOT NULL
);

INSERT INTO public.booking_payment (id, booking_id, payment_id) VALUES
(1, 1, 1),
(2, 2, 3),
(3, 3, 2),
(4, 4, 8),
(5, 5, 10),
(6, 6, 6),
(7, 7, 7),
(8, 8, 4),
(9, 9, 9),
(10, 10, 5);

DROP TABLE IF EXISTS public.employee CASCADE;
CREATE TABLE public.employee (
    id bigint NOT NULL,
    full_name character varying NOT NULL,
    phone_number character varying NOT NULL,
    experience character varying NOT NULL,
    schedule character varying NOT NULL
);

INSERT INTO public.employee (id, full_name, phone_number, experience, schedule) VALUES
(1, 'Игорь Сергеевич Ковалев', '+375291111001', '5 лет 3 месяца', 'Пн-Пт 09:00-18:00'),
(2, 'Ольга Викторовна Смирнова', '+375291111002', '3 года 7 месяцев', 'Пн-Пт 10:00-19:00'),
(3, 'Сергей Николаевич Петров', '+375291111003', '10 лет', 'Вт-Сб 09:00-18:00'),
(4, 'Елена Владимировна Иванова', '+375291111004', '2 года 5 месяцев', 'Пн-Пт 08:00-17:00'),
(5, 'Дмитрий Алексеевич Орлов', '+375291111005', '7 лет 2 месяца', 'Пн-Пт 09:00-18:00'),
(6, 'Мария Андреевна Кузнецова', '+375291111006', '4 года 11 месяцев', 'Пн-Пт 09:00-17:00'),
(7, 'Александр Павлович Лебедев', '+375291111007', '6 лет 6 месяцев', 'Пн-Пт 10:00-19:00'),
(8, 'Татьяна Евгеньевна Федорова', '+375291111008', '3 года 4 месяца', 'Пн-Пт 09:00-18:00'),
(9, 'Владимир Игоревич Соколов', '+375291111009', '8 лет 1 месяц', 'Вт-Сб 10:00-19:00'),
(10, 'Наталья Петровна Морозова', '+375291111010', '5 лет 9 месяцев', 'Пн-Пт 09:00-18:00'),
(11, 'Ян Вадимович Павлов', '+375291111011', '7 лет 8 месяцев', 'Пн-Пт 08:00-17:00'),
(12, 'Светлана Олеговна Григорьева', '+375291111012', '2 года 2 месяца', 'Пн-Пт 09:00-18:00'),
(13, 'Евгений Дмитриевич Николаев', '+375291111013', '6 лет 5 месяцев', 'Пн-Пт 10:00-19:00'),
(14, 'Ирина Константиновна Семёнова', '+375291111014', '3 года 6 месяцев', 'Вт-Сб 09:00-18:00'),
(15, 'Андрей Васильевич Васильев', '+375291111015', '8 лет 3 месяца', 'Пн-Пт 09:00-18:00'),
(16, 'Людмила Викторовна Орлова', '+375291111016', '4 года 4 месяца', 'Пн-Пт 10:00-19:00'),
(17, 'Вячеслав Григорьевич Макаров', '+375291111017', '5 лет 10 месяцев', 'Пн-Пт 09:00-18:00'),
(18, 'Ксения Романовна Игнатьева', '+375291111018', '2 года 7 месяцев', 'Пн-Пт 08:00-17:00'),
(19, 'Роман Николаевич Мороз', '+375291111019', '7 лет 1 месяц', 'Пн-Пт 09:00-18:00'),
(20, 'Оксана Анатольевна Белова', '+375291111020', '3 года 9 месяцев', 'Вт-Сб 10:00-19:00'),
(21, 'Никита Сергеевич Дорофеев', '+375291111021', '6 лет 2 месяца', 'Пн-Пт 09:00-18:00'),
(22, 'Виктория Дмитриевна Крылова', '+375291111022', '4 года 8 месяцев', 'Пн-Пт 09:00-18:00'),
(23, 'Денис Андреевич Фролов', '+375291111023', '5 лет 5 месяцев', 'Вт-Сб 09:00-18:00'),
(24, 'Елена Борисовна Савельева', '+375291111024', '2 года 11 месяцев', 'Пн-Пт 08:00-17:00'),
(25, 'Михаил Артёмович Егоров', '+375291111025', '7 лет 6 месяцев', 'Пн-Пт 09:00-18:00'),
(26, 'Татьяна Валерьевна Киселева', '+375291111026', '3 года 2 месяца', 'Пн-Пт 10:00-19:00'),
(27, 'Алексей Викторович Новиков', '+375291111027', '8 лет 7 месяцев', 'Пн-Пт 09:00-18:00'),
(28, 'Юлия Александровна Орлова', '+375291111028', '4 года 5 месяцев', 'Вт-Сб 09:00-18:00'),
(29, 'Иван Дмитриевич Михайлов', '+375291111029', '5 лет 8 месяцев', 'Пн-Пт 09:00-18:00'),
(30, 'Анна Сергеевна Павлова', '+375291111030', '3 года 10 месяцев', 'Пн-Пт 10:00-19:00');

DROP TABLE IF EXISTS public.employee_position CASCADE;
CREATE TABLE public.employee_position (
    id bigint NOT NULL,
    employee_id bigint NOT NULL,
    position_id bigint NOT NULL
);

INSERT INTO public.employee_position (id, employee_id, position_id) VALUES
(1, 1, 1),
(2, 2, 2),
(3, 3, 3),
(4, 4, 4),
(5, 5, 5),
(6, 6, 1),
(7, 7, 2),
(8, 8, 3),
(9, 9, 4),
(10, 10, 5);

DROP TABLE IF EXISTS public.guest CASCADE;
CREATE TABLE public.guest (
    id bigint NOT NULL,
    full_name character varying NOT NULL,
    phone_number character varying NOT NULL,
    status character varying NOT NULL,
    email character varying NOT NULL
);

INSERT INTO public.guest (id, full_name, phone_number, status, email) VALUES
(1, 'Иван Сергеевич Петров', '+375291112233', 'Зарегистрирован', 'ivan.petrov@gmail.com'),
(2, 'Анна Викторовна Смирнова', '+375297654321', 'Зарегистрирован', 'anna.smirnova@yahoo.com'),
(3, 'Дмитрий Алексеевич Иванов', '+375296001122', 'Постоянный гость', 'd.ivanov@mail.ru'),
(4, 'Ольга Андреевна Кузнецова', '+375293214785', 'Зарегистрирован', 'olga.kuz@outlook.com'),
(5, 'Сергей Павлович Соколов', '+375299876543', 'VIP', 'sergey.sokolov@gmail.com'),
(6, 'Наталья Игоревна Попова', '+375295874123', 'Зарегистрирован', 'nat.popova@mail.ru'),
(7, 'Алексей Михайлович Морозов', '+375297712233', 'Постоянный гость', 'alex.morozov@inbox.ru'),
(8, 'Елена Дмитриевна Волкова', '+375292223344', 'Зарегистрирован', 'elena.volkova@gmail.com'),
(9, 'Владимир Николаевич Новиков', '+375293333222', 'VIP', 'v.novikov@yandex.ru'),
(10, 'Мария Сергеевна Федорова', '+375294444555', 'Зарегистрирован', 'maria.fedorova@mail.ru'),
(11, 'Павел Владимирович Орлов', '+375295555666', 'Зарегистрирован', 'p.orlov@gmail.com'),
(12, 'Ирина Анатольевна Лебедева', '+375296666777', 'Постоянный гость', 'irina.lebedeva@outlook.com'),
(13, 'Кирилл Евгеньевич Киселев', '+375297777888', 'VIP', 'kirill.kiselev@mail.ru'),
(14, 'Светлана Олеговна Макарова', '+375298888999', 'Зарегистрирован', 'sveta.makarova@gmail.com'),
(15, 'Роман Викторович Васильев', '+375299999000', 'Постоянный гость', 'r.vasiliev@yandex.ru'),
(16, 'Дарья Александровна Никитина', '+375291010101', 'Зарегистрирован', 'darya.nikitina@mail.ru'),
(17, 'Максим Андреевич Захаров', '+375292020202', 'Зарегистрирован', 'max.zaharov@gmail.com'),
(18, 'Анастасия Петровна Комарова', '+375293030303', 'VIP', 'nastya.komarova@inbox.ru'),
(19, 'Евгений Романович Беляев', '+375294040404', 'Постоянный гость', 'evgeny.belyaev@mail.ru'),
(20, 'Юлия Дмитриевна Павлова', '+375295050505', 'Зарегистрирован', 'yulia.pavlova@gmail.com'),
(21, 'Олег Сергеевич Соловьев', '+375296060606', 'Постоянный гость', 'oleg.soloviev@outlook.com'),
(22, 'Вероника Ильинична Голубева', '+375297070707', 'VIP', 'veronika.golubeva@mail.ru'),
(23, 'Игорь Михайлович Воробьев', '+375298080808', 'Зарегистрирован', 'igor.vorobyev@gmail.com'),
(24, 'Виктория Андреевна Ковалева', '+375299090909', 'Зарегистрирован', 'viktoria.kovaleva@inbox.ru'),
(25, 'Артем Дмитриевич Гусев', '+375291111222', 'Постоянный гость', 'artem.gusev@mail.ru'),
(26, 'Полина Евгеньевна Кузьмина', '+375292222333', 'Зарегистрирован', 'polina.kuzmina@gmail.com'),
(27, 'Ян Александрович Козлов', '+375293333444', 'VIP', 'y.kozlov@yandex.ru'),
(28, 'Екатерина Романовна Сидорова', '+375294444555', 'Зарегистрирован', 'ekaterina.sidorova@mail.ru'),
(29, 'Андрей Владимирович Михайлов', '+375295555666', 'Постоянный гость', 'andrey.mikhailov@gmail.com'),
(30, 'Валерия Павловна Дмитриева', '+375296666777', 'Зарегистрирован', 'valeria.dmitrieva@outlook.com');

DROP TABLE IF EXISTS public.payment CASCADE;
CREATE TABLE public.payment (
    id bigint NOT NULL,
    status character varying NOT NULL,
    amount numeric NOT NULL,
    date date NOT NULL,
    method character varying NOT NULL,
    guest_id bigint NOT NULL
);

INSERT INTO public.payment (id, status, amount, date, method, guest_id) VALUES
(1, 'оплачено', '150.00', '2025-10-01', 'наличные', 1),
(2, 'оплачено', '200.00', '2025-10-02', 'карта', 2),
(3, 'оплачено', '120.00', '2025-10-03', 'карта', 3),
(4, 'не оплачено', '300.00', '2025-10-04', 'наличные', 4),
(5, 'оплачено', '80.00', '2025-10-05', 'карта', 5),
(6, 'оплачено', '220.00', '2025-10-06', 'наличные', 6),
(7, 'оплачено', '180.00', '2025-10-07', 'карта', 7),
(8, 'не оплачено', '250.00', '2025-10-08', 'наличные', 8),
(9, 'оплачено', '160.00', '2025-10-09', 'карта', 9),
(10, 'оплачено', '200.00', '2025-10-10', 'наличные', 10);

DROP TABLE IF EXISTS public.position CASCADE;
CREATE TABLE public.position (
    id bigint NOT NULL,
    title character varying NOT NULL,
    salary numeric NOT NULL,
    responsibilities character varying NOT NULL
);

INSERT INTO public.position (id, title, salary, responsibilities) VALUES
(1, 'Администратор', '1500', 'Регистрация гостей, работа с бронированием'),
(2, 'Официант', '1200', 'Обслуживание гостей в ресторане'),
(3, 'Уборщик', '1100', 'Уборка номеров и территории'),
(4, 'Менеджер', '2000', 'Организация работы персонала, отчёты'),
(5, 'Повар', '1300', 'Приготовление блюд по меню'),
(6, 'Консьерж', '1600', 'Встреча гостей, помощь с заказами'),
(7, 'Бармен', '1200', 'Приготовление напитков, обслуживание гостей'),
(8, 'Секретарь', '1500', 'Документооборот, встречи'),
(9, 'Техник', '1400', 'Обслуживание оборудования'),
(10, 'Специалист по бронированию', '1700', 'Работа с системами бронирования'),
(11, 'Аниматор', '1100', 'Развлекательные программы для гостей'),
(12, 'Старший администратор', '2200', 'Руководство администраторами'),
(13, 'Горничная', '1000', 'Уборка номеров'),
(14, 'Инженер', '2000', 'Техническое обслуживание здания'),
(15, 'Менеджер по продажам', '1800', 'Продажи услуг отеля'),
(16, 'Шеф-повар', '2500', 'Организация работы кухни'),
(17, 'Дежурный администратор', '1600', 'Сменный контроль работы персонала'),
(18, 'Оператор ресепшн', '1400', 'Приём звонков, регистрация'),
(19, 'Сервисный инженер', '1700', 'Ремонт оборудования'),
(20, 'Помощник менеджера', '1200', 'Административная поддержка'),
(21, 'Водитель', '1100', 'Транспортировка гостей и грузов'),
(22, 'Конференц-менеджер', '1800', 'Организация мероприятий'),
(23, 'Администратор ресторана', '1600', 'Контроль работы зала ресторана'),
(24, 'Бухгалтер', '2000', 'Финансовый учет'),
(25, 'HR-менеджер', '1900', 'Подбор персонала'),
(26, 'Лифтер', '1000', 'Обслуживание лифтов'),
(27, 'Бариста', '1200', 'Приготовление кофе и напитков'),
(28, 'Помощник повара', '1100', 'Подготовка ингредиентов'),
(29, 'Администратор СПА', '1700', 'Контроль работы СПА-центра'),
(30, 'Ресепшн-менеджер', '1600', 'Работа с клиентами на ресепшн');

DROP TABLE IF EXISTS public.room CASCADE;
CREATE TABLE public.room (
    id bigint NOT NULL,
    floor integer NOT NULL,
    status character varying NOT NULL,
    type character varying NOT NULL,
    price numeric NOT NULL
);

INSERT INTO public.room (id, floor, status, type, price) VALUES
(1, 1, 'свободно', 'одноместный', '50'),
(2, 1, 'занято', 'двухместный', '80'),
(3, 1, 'свободно', 'люкс', '120'),
(4, 2, 'ремонт', 'одноместный', '50'),
(5, 2, 'свободно', 'двухместный', '80'),
(6, 2, 'свободно', 'люкс', '130'),
(7, 3, 'занято', 'одноместный', '55'),
(8, 3, 'свободно', 'двухместный', '85'),
(9, 3, 'занято', 'люкс', '125'),
(10, 4, 'свободно', 'одноместный', '50'),
(11, 4, 'свободно', 'двухместный', '90'),
(12, 4, 'ремонт', 'люкс', '130'),
(13, 5, 'свободно', 'одноместный', '55'),
(14, 5, 'занято', 'двухместный', '85'),
(15, 5, 'свободно', 'люкс', '140'),
(16, 6, 'свободно', 'одноместный', '50'),
(17, 6, 'занято', 'двухместный', '80'),
(18, 6, 'свободно', 'люкс', '120'),
(19, 7, 'свободно', 'одноместный', '55'),
(20, 7, 'занято', 'двухместный', '90'),
(21, 7, 'свободно', 'люкс', '130'),
(22, 8, 'ремонт', 'одноместный', '50'),
(23, 8, 'свободно', 'двухместный', '85'),
(24, 8, 'свободно', 'люкс', '125'),
(25, 9, 'занято', 'одноместный', '55'),
(26, 9, 'свободно', 'двухместный', '80'),
(27, 9, 'занято', 'люкс', '140'),
(28, 10, 'свободно', 'одноместный', '50'),
(29, 10, 'свободно', 'двухместный', '85'),
(30, 10, 'свободно', 'люкс', '150');

DROP TABLE IF EXISTS public.room_booking CASCADE;
CREATE TABLE public.room_booking (
    id bigint NOT NULL,
    room_id bigint NOT NULL,
    booking_id bigint NOT NULL
);

INSERT INTO public.room_booking (id, room_id, booking_id) VALUES
(1, 5, 2),
(2, 12, 7),
(3, 3, 1),
(4, 8, 5),
(5, 1, 10),
(6, 15, 3),
(7, 6, 9),
(8, 22, 8),
(9, 30, 12),
(10, 18, 6),
(11, 11, 11),
(12, 4, 13),
(13, 9, 4),
(14, 2, 15),
(15, 14, 14),
(16, 7, 16),
(17, 19, 17),
(18, 25, 18),
(19, 28, 19),
(20, 21, 20),
(21, 16, 21),
(22, 24, 22),
(23, 26, 23),
(24, 27, 24),
(25, 29, 25),
(26, 13, 26),
(27, 23, 27),
(28, 17, 28),
(29, 20, 29),
(30, 10, 30),
(31, 4, 36),
(32, 2, 34),
(33, 1, 33),
(34, 3, 32),
(35, 1, 31);

DROP TABLE IF EXISTS public.room_employee CASCADE;
CREATE TABLE public.room_employee (
    id bigint NOT NULL,
    room_id bigint NOT NULL,
    employee_id bigint NOT NULL
);

INSERT INTO public.room_employee (id, room_id, employee_id) VALUES
(1, 1, 5),
(2, 2, 3),
(3, 3, 7),
(4, 4, 2),
(5, 5, 1),
(6, 6, 10),
(7, 7, 8),
(8, 8, 9),
(9, 9, 4),
(10, 10, 6),
(11, 11, 12),
(12, 12, 11),
(13, 13, 13),
(14, 14, 14),
(15, 15, 15),
(16, 16, 16),
(17, 17, 17),
(18, 18, 18),
(19, 19, 19),
(20, 20, 20),
(21, 21, 21),
(22, 22, 22),
(23, 23, 23),
(24, 24, 24),
(25, 25, 25),
(26, 26, 26),
(27, 27, 27),
(28, 28, 28),
(29, 29, 29),
(30, 30, 30);

DROP TABLE IF EXISTS public.service CASCADE;
CREATE TABLE public.service (
    id bigint NOT NULL,
    title character varying NOT NULL,
    description character varying NOT NULL,
    price numeric NOT NULL,
    duration character varying NOT NULL
);

INSERT INTO public.service (id, title, description, price, duration) VALUES
(1, 'СПА-процедура', 'Расслабляющий массаж и уход за телом', '50', '01:00:00'),
(2, 'Завтрак', 'Континентальный завтрак для одного', '10', '00:30:00'),
(3, 'Обед', 'Бизнес-ланч', '15', '01:00:00'),
(4, 'Ужин', 'Полноценный ужин', '20', '01:30:00'),
(5, 'Тренажерный зал', 'Доступ в спортзал на 1 час', '5', '01:00:00'),
(6, 'Бассейн', 'Посещение бассейна', '8', '01:00:00'),
(7, 'Сауна', 'Сауна с веником', '12', '01:00:00'),
(8, 'Уборка номера', 'Дополнительная уборка', '7', '00:30:00'),
(9, 'Прачечная', 'Стирка и глажка белья', '10', '02:00:00'),
(10, 'Экскурсия', 'Экскурсионная поездка по городу', '30', '03:00:00'),
(11, 'Трансфер', 'Встреча в аэропорту/отеле', '25', '01:00:00'),
(12, 'Аниматор', 'Детские развлекательные программы', '15', '02:00:00'),
(13, 'Йога', 'Групповое занятие йогой', '10', '01:00:00'),
(14, 'Массаж лица', 'Косметический массаж лица', '20', '00:45:00'),
(15, 'Косметические процедуры', 'Уход за кожей', '35', '01:30:00'),
(16, 'Конференц-зал', 'Аренда зала на 1 час', '50', '01:00:00'),
(17, 'Караоке', 'Посещение комнаты караоке', '15', '02:00:00'),
(18, 'Ресторан', 'Ужин на двоих', '40', '01:30:00'),
(19, 'Бар', 'Коктейльный вечер', '20', '01:00:00'),
(20, 'Сувенирный магазин', 'Покупка сувениров', '5', '00:15:00'),
(21, 'Фитнес-тренировка', 'Индивидуальная тренировка', '25', '01:00:00'),
(22, 'Плавание с тренером', 'Индивидуальные занятия', '30', '01:00:00'),
(23, 'Велопрокат', 'Аренда велосипеда на 1 час', '8', '01:00:00'),
(24, 'Экскурсия на катере', 'По реке или озеру', '35', '02:00:00'),
(25, 'Винный дегустационный вечер', 'Дегустация вин', '20', '01:00:00'),
(26, 'Спа-педикюр', 'Процедура для ног', '25', '01:00:00'),
(27, 'Спа-маникюр', 'Процедура для рук', '20', '00:45:00'),
(28, 'Лобби-бар', 'Напитки и закуски', '15', '01:00:00'),
(29, 'Кофейня', 'Кофе и десерты', '10', '00:30:00'),
(30, 'Фотоуслуги', 'Профессиональная фотосессия', '50', '01:00:00');

DROP TABLE IF EXISTS public.service_employee CASCADE;
CREATE TABLE public.service_employee (
    id bigint NOT NULL,
    service_id bigint NOT NULL,
    employee_id bigint NOT NULL
);

INSERT INTO public.service_employee (id, service_id, employee_id) VALUES
(1, 1, 1),
(2, 2, 2),
(3, 3, 3),
(4, 4, 4),
(5, 5, 5),
(6, 6, 6),
(7, 7, 7),
(8, 8, 8),
(9, 9, 9),
(10, 10, 10);

DROP TABLE IF EXISTS public.service_guest CASCADE;
CREATE TABLE public.service_guest (
    id bigint NOT NULL,
    service_id bigint NOT NULL,
    guest_id bigint NOT NULL
);

INSERT INTO public.service_guest (id, service_id, guest_id) VALUES
(1, 1, 5),
(2, 2, 2),
(3, 3, 10),
(4, 4, 1),
(5, 5, 7),
(6, 6, 3),
(7, 7, 8),
(8, 8, 4),
(9, 9, 6),
(10, 10, 9);

DROP TABLE IF EXISTS public.service_payment CASCADE;
CREATE TABLE public.service_payment (
    id bigint NOT NULL,
    service_id bigint NOT NULL,
    payment_id bigint NOT NULL
);

INSERT INTO public.service_payment (id, service_id, payment_id) VALUES
(1, 1, 1),
(2, 2, 2),
(3, 3, 3),
(4, 4, 4),
(5, 5, 5),
(6, 6, 6),
(7, 7, 7),
(8, 8, 8),
(9, 9, 9),
(10, 10, 10);

